timestamp	status	algorithm	run_dir	params_m	epochs	imgsz	batch	device	model_summary	val_acc	val_macro_p	val_macro_r	val_macro_f1	test_acc	test_macro_p	test_macro_r	test_macro_f1	description

2026-05-20T10:31:37	crash	yoloctm	E:\Cjn\PCB_Yolo\runs\classify\autoresearch_wm811k_20260519_210952	10.904	10	224	64	0	yolo26m-cls.pt | ctm(d=256,s=4,drop=0.1,pow=0.5)									Interrupted after epoch 2 before validation/test metrics; relaunching clean fixed-budget baseline
2026-05-20T10:34:25	crash	yoloctm	E:\Cjn\PCB_Yolo\runs\classify\autoresearch_wm811k_20260520_103304		10	224	64	0	yolo26m-cls.pt | ctm(d=256,s=4,drop=0.1,pow=0.5)									Background relaunch exited before epoch 1; no checkpoint or metrics written
2026-05-20T10:35:19	crash	yoloctm	E:\Cjn\PCB_Yolo\runs\classify\autoresearch_wm811k_20260520_103441		10	224	64	0	yolo26m-cls.pt | ctm(d=256,s=4,drop=0.1,pow=0.5)									PowerShell wrapper background launch was terminated before epoch 1; switching to scheduled task launch
2026-05-20T11:41:05	crash	yoloctm	E:\Cjn\PCB_Yolo\runs\classify\autoresearch_wm811k_20260520_103601		10	224	64	0	yolo26m-cls.pt | ctm(d=256,s=4,drop=0.1,pow=0.5)									Scheduled task launch exited with code 1 before epoch 1; no checkpoint or metrics written
2026-05-20T16:06:33	crash	yoloctm	E:\Cjn\PCB_Yolo\runs\classify\autoresearch_wm811k_20260520_114445	10.904	10	224	64	0	yolo26m-cls.pt | ctm(d=256,s=4,drop=0.1,pow=0.5)									Hung after epoch 5 with DataLoader workers alive but idle; switching fixed protocol to workers=0 for stability
2026-05-20T16:40:18	keep	yoloctm	E:\Cjn\PCB_Yolo\runs\classify\autoresearch_wm811k_20260520_160732	10.904	10	224	64	0	yolo26m-cls.pt | ctm(d=256,s=4,drop=0.1,pow=0.5)	0.9269580635214307	0.6426701509409757	0.6717376511142162	0.6249682559384939	0.927643498708608	0.6400595619147946	0.6728897133301437	0.623139373893344	Fixed-budget YoloCTM baseline: yolo26m-cls backbone, d_model=256, steps=4
2026-05-20T19:06:05	crash	yoloctm	E:\Cjn\PCB_Yolo\runs\classify\autoresearch_wm811k_20260520_190329		10	224	64	0	yolo26m-cls.pt | ctm(d=96,s=4,drop=0.1,pow=0.5)									Fatal crash in torchvision.transforms.ToTensor during first epoch; replaced ToTensor with local numpy-to-torch converter
2026-05-20T19:56:42	keep	yoloctm	E:\Cjn\PCB_Yolo\runs\classify\autoresearch_yoloctm_fused_20260520_1930	10.476	10	224	64	0	yolo26m-cls.pt | ctm(d=96,s=4,drop=0.1,pow=0.5)	0.9737126117792168	0.8657627593025462	0.9079812158143107	0.8857360869362672	0.9747889441424772	0.8560765258380332	0.8787109466588707	0.8660726219871209	YOLO26m classifier head with lightweight shared CTM residual logits, d_model=96, steps=4
2026-05-20T20:37:09	discard	yoloctm	E:\Cjn\PCB_Yolo\runs\classify\autoresearch_yoloctm_lowrank_20260520_2000	9.901	10	224	64	0	yolo26m-cls.pt | ctm(d=64,s=4,drop=0.1,pow=0.5)	0.9715155720012334	0.8371713941671072	0.8859188113986363	0.848025629982892	0.9732084345244979	0.8453848005388387	0.888824906429604	0.8558066844950182	Low-rank YOLO head with shared CTM residual logits, d_model=64, steps=4
2026-05-20T21:25:47	crash	yoloctm	E:\Cjn\PCB_Yolo\runs\classify\autoresearch_wm811k_20260520_204818	9.976	10	224	64	0	yolo26m-cls.pt | ctm(d=96,s=4,drop=0.1,pow=0.5)									Foreground SSH run interrupted by client timeout after epoch 2; relaunched via scheduled task
2026-05-21T09:21:47	crash	yoloctm	E:\Cjn\PCB_Yolo\runs\classify\autoresearch_yoloctm_attn_20260520_212446		10	224	64	0	yolo26m-cls.pt | ctm(d=96,s=4,drop=0.1,pow=0.5)									Scheduled-task trigger re-fired and interrupted the attentive YoloCTM run before epoch 1
2026-05-21T09:21:47	crash	yoloctm	E:\Cjn\PCB_Yolo\runs\classify\autoresearch_yoloctm_attn_20260520_212946		10	224	64	0	yolo26m-cls.pt | ctm(d=96,s=4,drop=0.1,pow=0.5)									Scheduled-task trigger re-fired and interrupted the attentive YoloCTM run before epoch 1
2026-05-21T09:31:43	crash	yoloctm	E:\Cjn\PCB_Yolo\runs\classify\autoresearch_yoloctm_attn_20260521_092208		10	224	64	0	yolo26m-cls.pt | ctm(d=96,s=4,drop=0.1,pow=0.5)									Scheduled-task run interrupted before epoch 1 with Windows status -1073741510; retrying in foreground with longer timeout
2026-05-21T10:08:45	discard	yoloctm	E:\Cjn\PCB_Yolo\runs\classify\autoresearch_yoloctm_attn_20260521_093156	9.976	10	224	64	0	yolo26m-cls.pt | ctm(d=96,s=4,drop=0.1,pow=0.5)	0.9728646315140302	0.8253619823234064	0.8877319671309523	0.8508405807089959	0.9737481207355152	0.8313964442752455	0.8865085480243728	0.8542043051483117	Attentive token-pooled YOLO-CTM residual logits, d_model=96, steps=4
2026-05-21T10:38:11	keep	yoloctm	E:\Cjn\PCB_Yolo\runs\classify\autoresearch_yoloctm_macroselect_20260521_101049	9.938	10	224	64	0	yolo26m-cls.pt | ctm(d=96,s=4,drop=0.1,pow=0.5)	0.9718624730188098	0.8406912956367483	0.9112189052012147	0.8706863664541967	0.9721676111175359	0.847780528751684	0.8978041945486611	0.8689733588738838	Low-rank YOLO-CTM residual logits selected by validation macro F1, d_model=96, steps=4
2026-05-21T11:07:05	keep	yoloctm	E:\Cjn\PCB_Yolo\runs\classify\autoresearch_yoloctm_yolohead_macroselect_20260521_103941	10.476	10	224	64	0	yolo26m-cls.pt | ctm(d=96,s=4,drop=0.1,pow=0.5)	0.9756783842121493	0.847589454035945	0.904167825257465	0.8711259057502617	0.9759454145946571	0.862140968205614	0.902789561047798	0.8801550715466053	YOLO classification head plus CTM residual logits selected by validation macro F1, d_model=96, steps=4
2026-05-21T11:35:27	discard	yoloctm	E:\Cjn\PCB_Yolo\runs\classify\autoresearch_yoloctm_yolohead_pow035_20260521_110802	10.476	10	224	64	0	yolo26m-cls.pt | ctm(d=96,s=4,drop=0.1,pow=0.35)	0.9694341658957755	0.8482295284706098	0.9088856815248639	0.8742722009160979	0.9689680428665047	0.8384436566728337	0.8967303703810114	0.8621854619736031	YOLO classification head plus CTM residual logits, macro-F1 selected, class weight power=0.35
2026-05-21T12:10:27	discard	yoloctm	E:\Cjn\PCB_Yolo\runs\classify\autoresearch_yoloctm_classscale_20260521_114310	10.476	10	224	64	0	yolo26m-cls.pt | ctm(d=96,s=4,drop=0.1,pow=0.5)	0.9742522355843355	0.8320768016403038	0.9214237994711163	0.8706905775142163	0.9743263559616052	0.827111267793191	0.9096524444818395	0.8620803522038738	YOLO classification head plus CTM residual logits with class-wise residual scale, macro-F1 selected
2026-05-21T12:38:22	discard	yoloctm	E:\Cjn\PCB_Yolo\runs\classify\autoresearch_yoloctm_dynamicgate_20260521_121211	10.476	10	224	64	0	yolo26m-cls.pt | ctm(d=96,s=4,drop=0.1,pow=0.5)	0.9719781066913352	0.823599676994331	0.9173491799632867	0.8658381853243278	0.9729000424039166	0.8359428948157476	0.9101654811333746	0.8699369135809	YOLO classification head plus CTM residual logits with sample-wise residual gate, macro-F1 selected
2026-05-21T15:32:16	crash	yoloctm	E:\Cjn\PCB_Yolo\runs\classify\autoresearch_yoloctm_yolohead_d128_20260521_141202	10.521	10	224	64	0	yolo26m-cls.pt | ctm(d=128,s=4,drop=0.1,pow=0.5)									Foreground SSH d128 run stopped after epoch 8 before validation/test metrics; no active training process remained
2026-05-21T16:21:11	discard	yoloctm	E:\Cjn\PCB_Yolo\runs\classify\autoresearch_yoloctm_yolohead_steps3_20260521_154115	10.476	10	224	64	0	yolo26m-cls.pt | ctm(d=96,s=3,drop=0.1,pow=0.5)	0.96931853222325	0.8446005043620519	0.8794455528942534	0.8587595625969996	0.970317258394048	0.8545611539940835	0.8842830385148944	0.8670156448416141	YOLO classification head plus CTM residual logits selected by validation macro F1, d_model=96, steps=3
2026-05-21T16:51:30	discard	yoloctm	E:\Cjn\PCB_Yolo\runs\classify\autoresearch_yoloctm_fixedscale005_20260521_162414	10.476	10	224	64	0	yolo26m-cls.pt | ctm(d=96,s=4,drop=0.1,pow=0.5)	0.97236355226642	0.8483995683026185	0.8761173686858815	0.854280795123288	0.9737095717204426	0.8577337701280224	0.8694789899972766	0.8546747828581669	YOLO classification head plus CTM residual logits with fixed CTM scale 0.05, macro-F1 selected
2026-05-21T17:21:41	discard	yoloctm	E:\Cjn\PCB_Yolo\runs\classify\autoresearch_yoloctm_auxloss_20260521_165357	10.476	10	224	64	0	yolo26m-cls.pt | ctm(d=96,s=4,drop=0.1,pow=0.5)	0.9670829478877583	0.7970175314204788	0.9292229408668733	0.851454532710368	0.9673104352183801	0.7992850292440866	0.9285041319859071	0.8524451469858649	YOLO classification head plus CTM residual logits with auxiliary CTM loss weight 0.2, macro-F1 selected
2026-05-21T19:50:48	crash	yoloctm	E:\Cjn\PCB_Yolo\runs\classify\autoresearch_yoloctm_ctmfeatgate_20260521_174810	10.525	10	224	64	0	yolo26m-cls.pt | ctm(d=96,s=4,drop=0.1,pow=0.5)									CTM recurrent channel/spatial feature gate hung after epoch 7 before fixed-budget completion; best observed val macro F1 in log was 0.8412, so not a keep
2026-05-21T20:54:50	keep	yoloctm	E:\Cjn\PCB_Yolo\runs\classify\autoresearch_yoloctm_ctmadapter_20260521_195218	10.525	10	224	64	0	yolo26m-cls.pt | ctm(d=96,s=4,drop=0.1,pow=0.5)	0.974213691026827	0.8375021797286548	0.9249999023518899	0.8753896743139846	0.9762152577001657	0.8433652201890339	0.921886735081809	0.8772570098080873	CTM recurrent token state is projected back as a lightweight residual adapter before the YOLO head, with CTM residual logits
2026-05-21T21:42:38	discard	yoloctm	E:\Cjn\PCB_Yolo\runs\classify\autoresearch_yoloctm_ctmadapter_balsof_20260521_205707	10.525	10	224	64	0	yolo26m-cls.pt | ctm(d=96,s=4,drop=0.1,pow=0.5)	0.9506244218316374	0.7250938341820492	0.9065141110104646	0.7906106313169068	0.9486527119232103	0.7312538646478913	0.9017780567142175	0.7890696639827119	CTM residual feature adapter before the YOLO head plus Balanced Softmax loss for long-tailed WM811K classes
2026-05-21T21:49:51	keep	yoloctm	E:\Cjn\PCB_Yolo\runs\classify\autoresearch_yoloctm_ctmadapter_priorcal_20260521_214700	10.525	10	224	64	0	yolo26m-cls.pt | ctm(d=96,s=4,drop=0.1,pow=0.5)	0.977991057662658	0.9013969364216212	0.8975726564112283	0.8974370609687414	0.9793377279210517	0.9036211838342155	0.8963527098668249	0.8983463307015739	CTM residual feature adapter before the YOLO head with validation-selected class-prior logit calibration tau=0.4
2026-05-22T16:30:17	discard	yoloctm	E:\Cjn\PCB_Yolo\runs\classify\autoresearch_yoloctm_ctmadapter_lowrank_priorcal_20260522_155358	10.496	10	224	64	0	yolo26m-cls.pt | ctm(d=96,s=4,drop=0.1,pow=0.5)	0.9774128893000308	0.9082037651506413	0.8769646009356815	0.8886174606520036	0.9772175320920551	0.9040333481559085	0.8584082098532324	0.8779588274739122	Low-rank CTM residual feature adapter (rank=32) before the YOLO head with fixed class-prior logit calibration tau=0.4
2026-05-22T20:33:01	keep	ensemble	E:\Cjn\PCB_Yolo\runs\classify\autoresearch_yoloctm_logprob_ensemble_20260522_170000	32.655	10	224	64	0	fixed logprob ensemble: 0.6*yolo26m + 0.2*ctm_adapter + 0.2*ctm_lowrank + tau=0.025	0.9813444341658958	0.9237807676059879	0.9017953689025799	0.9109065664584166	0.9822289040515015	0.9220839837948106	0.9044817595626997	0.9118345878705889	Fixed log-probability ensemble of YOLO26m, CTM adapter, and low-rank CTM adapter
2026-05-22T21:48:47	discard	yoloctm	E:\Cjn\PCB_Yolo\runs\classify\autoresearch_yoloctm_learned_logprob_fusion_20260522_211943	10.525	10	224	64	0	yolo26m-cls.pt | ctm(d=96,s=4,drop=0.1,pow=0.5)	0.9724406413814369	0.8143773559484644	0.9110305604069173	0.857575387130164	0.9739794148259512	0.816380981887274	0.9023405779289726	0.8556563693526574	Full CTM residual feature adapter with learned in-model log-probability fusion of YOLO and CTM heads; no post-hoc prior calibration; underperformed best single-model macro F1
2026-05-22T23:06:24	discard	yoloctm	E:\Cjn\PCB_Yolo\runs\classify\autoresearch_yoloctm_attention_readout_priorcal_20260522_223052	10.525	10	224	64	0	yolo26m-cls.pt | ctm(d=96,s=4,drop=0.1,pow=0.5)	0.9746376811594203	0.9057046099492122	0.8286183518908392	0.8603210125058374	0.9748660421726225	0.9048592757807216	0.7998442944612886	0.8419064171274235	CTM residual feature adapter before the YOLO head with attention-pooled CTM token readout and class-prior logit calibration tau=0.4; underperformed best single-model macro F1
2026-05-23T08:57:31	discard	yoloctm	E:\Cjn\PCB_Yolo\runs\classify\autoresearch_yoloctm_gated_feature_fusion_priorcal_20260523_083103	10.550	10	224	64	0	yolo26m-cls.pt | ctm(d=96,s=4,drop=0.1,pow=0.5) | fusion=gated(rank=16)	0.9766034535923528	0.8930670801475991	0.8723395808803145	0.8778650039059825	0.978489649589453	0.897766664697391	0.8650927976267586	0.877171649975028	CTM residual feature adapter before the YOLO head with low-rank channel gate (rank=16), mean CTM readout, and class-prior logit calibration tau=0.4
2026-05-23T10:11:02	discard	yoloctm	E:\Cjn\PCB_Yolo\runs\classify\autoresearch_yoloctm_token_spatial_gate_priorcal_20260523_094437	10.527	10	224	64	0	yolo26m-cls.pt | ctm(d=96,s=4,drop=0.1,pow=0.5) | fusion=token(rank=16)	0.9767576318223867	0.8974599271932308	0.8611076495247846	0.8756208384935101	0.9771789830769824	0.8992743163287729	0.8544051375591148	0.8734163367607235	TAFI token-wise spatial gated CTM residual feature adapter before the YOLO head (token_gate_rank=16), mean CTM readout, and class-prior logit calibration tau=0.4
2026-05-23T10:58:23	crash	yoloctm	E:\Cjn\PCB_Yolo\runs\classify\autoresearch_yoloctm_learned_prior_bias_20260523_105104		10	224	64	0	yolo26m-cls.pt | ctm(d=96,s=4,drop=0.1,pow=0.5) | fusion=residual | logit_bias=prior(tau=0.4)									crash_before_epoch1_no_checkpoint
2026-05-23T11:29:33	discard	yoloctm	E:\Cjn\PCB_Yolo\runs\classify\autoresearch_yoloctm_learned_prior_bias_20260523_105830	10.525	10	224	64	0	yolo26m-cls.pt | ctm(d=96,s=4,drop=0.1,pow=0.5) | fusion=residual | logit_bias=prior(tau=0.4)	0.9762950971322849	0.8492648997537708	0.9124790942219744	0.8777676606148852	0.9782969045140897	0.8614635848103396	0.9154305406928044	0.8862534916622289	CTM residual feature adapter before the YOLO head with trainable class-prior logit bias initialized from tau=0.4 and no eval-time prior calibration; underperformed best single-model and YOLO26m baseline macro F1
2026-05-23T12:08:20	discard	yoloctm	E:\Cjn\PCB_Yolo\runs\classify\autoresearch_yoloctm_anchor_kl_priorcal_20260523_114148	10.525	10	224	64	0	yolo26m-cls.pt | ctm(d=96,s=4,drop=0.1,pow=0.5) | fusion=residual | anchor_kl=0.1	0.9756783842121493	0.891814676086399	0.8772926011168586	0.8829007087962448	0.9765236498207471	0.8920664779607395	0.8726183112281627	0.8806392137358459	DACFF precision-anchor KL from clean YOLO logits to CTM-adapted logits (anchor_loss_weight=0.1), residual CTM feature adapter, and eval-time class-prior logit calibration tau=0.4; underperformed best single-model and YOLO26m baseline macro F1
2026-05-23T17:29:07	discard	yoloctm	E:\Cjn\PCB_Yolo\runs\classify\autoresearch_yoloctm_ensemble_distill_priorcal_20260523_164708	10.525	10	224	64	0	yolo26m-cls.pt | ctm(d=96,s=4,drop=0.1,pow=0.5) | fusion=residual | distill(w=0.25,T=2.0)	0.9779139685476411	0.9159229880824934	0.873392101757697	0.8917948218792581	0.9789522377703249	0.9182952300325399	0.8676817416104723	0.8904913806495733	Single-model CTM residual feature adapter trained with fixed log-probability ensemble distillation (w=0.25,T=2.0) and eval-time class-prior logit calibration tau=0.4; improved precision but lost too much recall, underperforming best single-model macro F1
2026-05-23T20:45:37	discard	yoloctm	E:\Cjn\PCB_Yolo\runs\classify\autoresearch_yoloctm_noneaware_priorcal_20260523_194026	10.525	10	224	64	0	yolo26m-cls.pt | ctm(d=96,s=4,drop=0.1,pow=0.5) | fusion=residual | sampling=none_aware(none=0.6)	0.9743678692568609	0.8558988525343719	0.9077894160330658	0.8753604220430736	0.9750973362630585	0.8631690836479148	0.9069869107290486	0.8788722320817143	CTM residual feature adapter with train-only none-aware long-tail sampler (none target ratio=0.6) and eval-time class-prior logit calibration tau=0.4; over-corrected tail recall and lost too much macro precision
2026-05-23T21:55:42	discard	yoloctm	E:\Cjn\PCB_Yolo\runs\classify\autoresearch_yoloctm_deferred_noneaware_priorcal_20260523_210410	10.525	10	224	64	0	yolo26m-cls.pt | ctm(d=96,s=4,drop=0.1,pow=0.5) | fusion=residual | sampling=none_aware(none=0.75)@e7	0.9737897008942338	0.882127355798224	0.8598466217338356	0.8639004737056699	0.9742878069465325	0.8868850066484906	0.8482513917698298	0.8575362769522267	CTM residual feature adapter with deferred none-aware sampler from epoch 7 (none target ratio=0.75) and validation-selected class-prior logit calibration; delayed rebalancing damaged tail precision/recall tradeoff
2026-05-25T09:58:13	crash	yoloctm	E:\Cjn\PCB_Yolo\runs\classify\autoresearch_yoloctm_cbr_priorcal_20260523_221648	10.525	10	224	64	0	yolo26m-cls.pt | ctm(d=96,s=4,drop=0.1,pow=0.5) | fusion=residual | cbr(w=0.02,p=1.0)									Training interrupted after epoch 4 during system-instability period; no validation/test metrics; CBR remains unassessed
2026-05-25T09:59:19	crash	yoloctm	E:\Cjn\PCB_Yolo\runs\classify\autoresearch_yoloctm_cbr_priorcal_20260525_085552		10	224	64	0	yolo26m-cls.pt | ctm(d=96,s=4,drop=0.1,pow=0.5) | fusion=residual | cbr(w=0.02,p=1.0)									System restart before epoch 1. No checkpoint or metrics. CBR remains unassessed.
2026-05-25T09:59:19	crash	yoloctm	E:\Cjn\PCB_Yolo\runs\classify\autoresearch_yoloctm_cbr_priorcal_20260525_090159		10	224	64	0	yolo26m-cls.pt | ctm(d=96,s=4,drop=0.1,pow=0.5) | fusion=residual | cbr(w=0.02,p=1.0)									System restart before epoch 1. No checkpoint or metrics. CBR remains unassessed.
2026-05-25T09:59:19	crash	yoloctm	E:\Cjn\PCB_Yolo\runs\classify\autoresearch_yoloctm_cbr_priorcal_20260525_090439	10.525	10	224	64	0	yolo26m-cls.pt | ctm(d=96,s=4,drop=0.1,pow=0.5) | fusion=residual | cbr(w=0.02,p=1.0)									System BSOD interrupted CBR run after epoch 7. Best observed raw val macro F1 was 0.8672. No completed metrics. CBR remains unassessed.
2026-05-25T15:24:44	discard	yoloctm	E:\Cjn\PCB_Yolo\runs\classify\autoresearch_yoloctm_deferred_cbr_priorcal_20260525_101830	10.525	10	224	64	0	yolo26m-cls.pt | ctm(d=96,s=4,drop=0.1,pow=0.5) | fusion=residual | cbr(w=0.02,p=1.0)@e7	0.9776056120875732	0.8866387924874936	0.8672087421225325	0.872785338464944	0.978258355499017	0.9122229404024336	0.8721045000559072	0.8893888829966774	CTM residual feature adapter with deferred class-balanced classifier-norm regularization (w=0.02,p=1.0 from epoch 7) and validation-selected class-prior logit calibration; improved precision but reduced minority recall, below the yolo26m-cls baseline and best CTM adapter macro F1
2026-05-25T16:57:39	discard	yoloctm	E:\Cjn\PCB_Yolo\runs\classify\autoresearch_yoloctm_ntzscore_distill_priorcal_20260525_161009	10.525	10	224	64	0	yolo26m-cls.pt | ctm(d=96,s=4,drop=0.1,pow=0.5) | fusion=residual | distill(w=0.25,T=2.0)[nontarget_zscore]	0.971399938328708	0.8899937726068708	0.8182965460725992	0.8439150773496082	0.9730927874792799	0.8877301964584503	0.8119078147703201	0.8376383299547944	CTM residual feature adapter with ensemble non-target logit-standardized distillation (w=0.25,T=2.0) and validation-selected class-prior logit calibration; collapsed minority recall and underperformed the baseline and best CTM adapter by a wide margin
2026-05-25T19:21:54	discard	yoloctm	E:\Cjn\PCB_Yolo\runs\classify\autoresearch_yoloctm_classwise_dualexpert_priorcal_20260525_171201	10.525	10	224	64	0	yolo26m-cls.pt | ctm(d=96,s=4,drop=0.1,pow=0.5) | fusion=residual | experts=classwise_logprob(ctm_init=0.4)	0.9737126117792168	0.882845155231516	0.8301643186433063	0.8450293218561415	0.9738252187656605	0.8768563341706068	0.8110717494173167	0.8298194657427951	RIDE-inspired shared-head classwise dual-expert fusion of clean YOLO and CTM-adapted views with validation-selected class-prior logit calibration; joint expert training damaged the clean precision view and collapsed minority-class balance
2026-05-25T19:42:15	crash	yoloctm	E:\Cjn\PCB_Yolo\runs\classify\autoresearch_yoloctm_frozenanchor_delta_priorcal_20260525_192602		10	224	64	0	runs/classify/wm811k_yolo26m_20260518_152306/weights/best.pt | ctm(d=96,s=4,drop=0.1,pow=0.5) | fusion=residual | frozen_yolo_anchor									Remote Start-Process launch exited before runtime or epoch 1 with no new BSOD; switching to SSH-held foreground execution.
2026-05-25T20:09:59	discard	yoloctm	E:\Cjn\PCB_Yolo\runs\classify\autoresearch_yoloctm_frozenanchor_delta_priorcal_20260525_194229	10.525	10	224	64	0	runs/classify/wm811k_yolo26m_20260518_152306/weights/best.pt | ctm(d=96,s=4,drop=0.1,pow=0.5) | fusion=residual | frozen_yolo_anchor	0.9769888991674376	0.904248213599716	0.8706947766907471	0.8854888001638964	0.9773717281523457	0.9188454592175361	0.86451771849431	0.889809567670101	Frozen trained-yolo26m precision anchor with trainable CTM residual feature/logit correction and validation-selected class-prior logit calibration; retained precision but constrained minority recall, below both yolo26m-cls and the best CTM adapter
2026-05-25T20:58:51	discard	yoloctm	E:\Cjn\PCB_Yolo\runs\classify\autoresearch_yoloctm_polarpos_priorcal_20260525_202002	10.526	10	224	64	0	yolo26m-cls.pt | ctm(d=96,s=4,drop=0.1,pow=0.5) | fusion=residual | spatial=polar(scale=0.05)	0.9747147702744372	0.8907555082322557	0.8654519084330242	0.8745588120954756	0.9758683165645118	0.8912778378098696	0.8465183318058346	0.8639588057481455	CTM residual feature adapter with lightweight wafer polar-coordinate token encoding and validation-selected class-prior logit calibration; explicit positional injection reduced minority recall and underperformed the baseline and best CTM adapter
2026-05-25T22:16:27	crash	yoloctm	E:\Cjn\PCB_Yolo\runs\classify\autoresearch_yoloctm_crossscan_priorcal_20260525_214447	10.535	10	224	64	0	yolo26m-cls.pt | ctm(d=96,s=4,drop=0.1,pow=0.5) | fusion=residual | mixer=cross_scan(scale=0.05)									VMamba-inspired cross-scan trial interrupted by system BSOD after epoch 7; BugCheck 0x1E at 2026-05-25 22:12:08, no complete metrics; architecture remains unassessed.
2026-05-25T23:50:18	crash	yoloctm	E:\Cjn\PCB_Yolo\runs\classify\autoresearch_yoloctm_crossscan_priorcal_20260525_221814	10.535	10	224	64	0	yolo26m-cls.pt | ctm(d=96,s=4,drop=0.1,pow=0.5) | fusion=residual | mixer=cross_scan(scale=0.05)									VMamba-inspired cross-scan retry with effective batch 64 executed as micro_batch 32 x accumulation 2 was interrupted after epoch 1 by repeated system BSODs (BugCheck 0x3B at 2026-05-25 22:30:36 and 22:43:52); no complete metrics; suspend unattended GPU retries.
2026-05-26T02:15:34	keep	ensemble	E:\Cjn\PCB_Yolo\runs\classify\autoresearch_yoloctm_slim_logprob_ensemble_20260526_0053	22.159	10	224	64	cpu	fixed logprob ensemble: 0.75*yolo26m + 0.25*ctm_adapter + tau=0.025	0.980958988590811	0.9226732029764462	0.893168447305456	0.9057013996007733	0.9809182375390308	0.9201496033822344	0.8919177340879144	0.904355161199867	Slim fixed log-probability ensemble of YOLO26m and best CTM adapter with original three-expert weights renormalized after dropping the low-rank branch; preserves a strong accuracy/F1 gain over single models at 10.496M fewer parameters than the three-expert ensemble.
2026-05-26T13:13:35	keep	yoloctm	E:\Cjn\PCB_Yolo\runs\classify\autoresearch_yoloctm_slim_dkd_priorcal_20260526_120641	10.525	10	224	64	0	yolo26m-cls.pt | ctm(d=96,s=4,drop=0.1,pow=0.5) | fusion=residual | distill(w=0.25,T=2.0)[dkd]	0.9804579093432008	0.9026371153421126	0.9059839754539362	0.9033090178395459	0.9813808257199028	0.9020283545729674	0.9014964413929079	0.8998972488416759	DKD-compressed CTM residual adapter distilled from the compact 0.75*yolo26m + 0.25*ctm_adapter teacher with validation-selected class-prior logit calibration; effective batch 64 executed as micro_batch 16 x accumulation 4 for stability
2026-05-26T16:05:12	discard	yoloctm	E:\Cjn\PCB_Yolo\runs\classify\autoresearch_yoloctm_slim_dkd_logitstd_priorcal_20260526_134214	10.525	10	224	64	0	yolo26m-cls.pt | ctm(d=96,s=4,drop=0.1,pow=0.5) | fusion=residual | distill(w=0.25,T=2.0)[dkd_logit_std]	0.9779139685476411	0.8936178974781854	0.8696471693920715	0.8779742717776002	0.978142708453799	0.9004283377624915	0.8391071305539843	0.8611822336531877	Logit-Standardization DKD CTM residual adapter distilled from the compact 0.75*yolo26m + 0.25*ctm_adapter teacher with validation-selected class-prior logit calibration; preserves model size while normalizing teacher-student confidence scale; effective batch 64 executed as micro_batch 16 x accumulation 4 for stability
2026-05-26T19:15:43	discard	yoloctm	E:\Cjn\PCB_Yolo\runs\classify\autoresearch_yoloctm_slim_dist_priorcal_20260526_162704	10.525	10	224	64	0	yolo26m-cls.pt | ctm(d=96,s=4,drop=0.1,pow=0.5) | fusion=residual | distill(w=0.25,T=2.0)[dist]	0.9776441566450818	0.8908881553481979	0.8842783602280139	0.8836660171664815	0.9789136887552523	0.8910241693297556	0.8722981629164185	0.8785086957058867	DIST relationally distilled CTM residual adapter from the compact 0.75*yolo26m + 0.25*ctm_adapter teacher with validation-selected class-prior logit calibration; transfers inter-class and intra-class prediction relations without adding inference parameters; effective batch 64 executed as micro_batch 16 x accumulation 4 for stability
2026-05-27T11:54:29	discard	yoloctm	E:\Cjn\PCB_Yolo\runs\classify\autoresearch_yoloctm_crossscan_dkd_priorcal_20260526_201638	10.535	10	224	64	0	yolo26m-cls.pt | ctm(d=96,s=4,drop=0.1,pow=0.5) | fusion=residual | distill(w=0.25,T=2.0)[dkd] | mixer=cross_scan(scale=0.05)	0.9807662658032685	0.93244513808687	0.886340829196024	0.906797419814182	0.9807254924636676	0.9230466250132453	0.8549239372238581	0.8826963884683211	VMamba-inspired shared cross-scan CTM token mixer combined with DKD compression from the compact 0.75*yolo26m + 0.25*ctm_adapter teacher and validation-selected class-prior calibration; strong validation precision did not generalize and test minority recall fell below the DKD single-model best
2026-05-27T12:43:36	discard	yoloctm	E:\Cjn\PCB_Yolo\runs\classify\autoresearch_yoloctm_frozenanchor_dkd_priorcal_20260527_120425	10.525	10	224	64	0	runs/classify/wm811k_yolo26m_20260518_152306/weights/best.pt | ctm(d=96,s=4,drop=0.1,pow=0.5) | fusion=residual | distill(w=0.25,T=2.0)[dkd] | frozen_yolo_anchor	0.9767961763798951	0.9087519137387378	0.8715373468726052	0.8865946932218183	0.9771789830769824	0.9149089151264376	0.8638413123994922	0.8864827673839693	Frozen trained-YOLO precision anchor with DKD preserved precision but constrained minority correction; test macro F1 stayed below the trainable DKD single-model best, chiefly from Loc and Edge-Loc recall loss
2026-05-27T13:46:06	discard	yoloctm	E:\Cjn\PCB_Yolo\runs\classify\autoresearch_yoloctm_fullensemble_dkd_priorcal_20260527_125435	10.525	10	224	64	0	yolo26m-cls.pt | ctm(d=96,s=4,drop=0.1,pow=0.5) | fusion=residual | distill(w=0.25,T=2.0)[dkd]	0.9801495528831329	0.9204389589633002	0.8865845245403869	0.9014764345857872	0.9809567865541036	0.9178914395591732	0.8820750483137054	0.8979355368086797	Trainable CTM residual adapter distilled with DKD from the stronger fixed 0.6*yolo26m + 0.2*ctm_adapter + 0.2*ctm_lowrank teacher (test macro F1 0.91183), with validation-selected class-prior calibration; tests whether the stronger ensemble transfers additional tail balance without increasing student inference parameters
2026-05-27T14:23:03	crash	yoloctm	E:\Cjn\PCB_Yolo\runs\classify\autoresearch_yoloctm_slim_dkd_prototypebcl_priorcal_20260527_135740		10	224	64	0	yolo26m-cls.pt | ctm(d=96,s=4,drop=0.1,pow=0.5) | fusion=residual | distill(w=0.25,T=2.0)[dkd]									BCL-inspired prototype-complement DKD launch lost the SSH-held foreground connection before epoch 1; no checkpoint was written and no contemporaneous Windows BugCheck or shutdown event was present; relaunching the same candidate under the controlled GPU protocol.
2026-05-27T15:23:36	discard	yoloctm	E:\Cjn\PCB_Yolo\runs\classify\autoresearch_yoloctm_slim_dkd_prototypebcl_priorcal_20260527_142934	10.525	10	224	64	0	yolo26m-cls.pt | ctm(d=96,s=4,drop=0.1,pow=0.5) | fusion=residual | distill(w=0.25,T=2.0)[dkd]	0.9800339192106075	0.9142334755462821	0.8908668634465007	0.9013009044751574	0.9798388651169962	0.9071603833668862	0.8875856114667421	0.8962880507357583	BCL-inspired class-complement prototype auxiliary loss on the successful slim-teacher DKD CTM residual adapter: normalized CTM embeddings contrast against all classifier prototypes each batch to strengthen long-tail representation without adding inference parameters; validation-selected class-prior calibration
2026-05-27T17:23:49	discard	yoloctm	E:\Cjn\PCB_Yolo\runs\classify\autoresearch_yoloctm_slim_dkd_calselect_priorcal_20260527_162016	10.525	10	224	64	0	yolo26m-cls.pt | ctm(d=96,s=4,drop=0.1,pow=0.5) | fusion=residual | distill(w=0.25,T=2.0)[dkd]	0.9804579093432008	0.9026371153421126	0.9059839754539362	0.9033090178395459					Development-only screening: calibration-aware checkpoint selection tied the incumbent calibrated val macro F1 exactly at tau=0.1; no test-set evaluation and no promotion.
2026-05-27T18:48:55	keep	yoloctm	E:\Cjn\PCB_Yolo\runs\classify\autoresearch_yoloctm_slim_dkd_ema_calselect_priorcal_20260527_175645	10.525	10	224	64	0	yolo26m-cls.pt | ctm(d=96,s=4,drop=0.1,pow=0.5) | fusion=residual | distill(w=0.25,T=2.0)[dkd]	0.9823080481036077	0.907167073306608	0.9326624683504452	0.9185237871504248					Development-only screening: EMA-averaged (decay=0.999) slim-teacher DKD CTM residual adapter with calibration-aware checkpoint selection at fixed validation prior-logit tau=0.1; no test-set evaluation and zero added inference parameters
2026-05-27T19:13:37	milestone	yoloctm	E:\Cjn\PCB_Yolo\runs\classify\autoresearch_yoloctm_slim_dkd_ema_calselect_priorcal_20260527_175645	10.525	10	224	64	0	yolo26m-cls.pt | ctm(d=96,s=4,drop=0.1,pow=0.5) | fusion=residual | distill(w=0.25,T=2.0)[dkd]	0.9823080481036077	0.907167073306608	0.9326624683504452	0.9185237871504248	0.9824216491268648	0.9109253442748333	0.9294122776035374	0.9187805915660002	Milestone lockbox evaluation after strict fixed-tau validation promotion: EMA-averaged slim-teacher DKD checkpoint evaluated exactly once on test with predeclared prior_logit_tau=0.1; test outcome is frozen for reporting and not iterative selection.
2026-05-27T20:45:07	discard	yoloctm	E:\Cjn\PCB_Yolo\runs\classify\autoresearch_yoloctm_fullensemble_dkd_ema_calselect_priorcal_20260527_194358	10.525	10	224	64	0	yolo26m-cls.pt | ctm(d=96,s=4,drop=0.1,pow=0.5) | fusion=residual | distill(w=0.25,T=2.0)[dkd]	0.9816527906259637	0.9026356284476478	0.9331050806065073	0.9164851919069993					Development-only screening: EMA-averaged (decay=0.999) DKD CTM residual adapter distilled from the stronger fixed three-branch teacher, with fixed validation prior-logit tau=0.1; no test-set evaluation and zero added inference parameters
2026-05-27T21:39:50	baseline	yoloctm	E:\Cjn\PCB_Yolo\runs\classify\autoresearch_yoloctm_nodistill_ema_calselect_priorcal_20260527_204846	10.525	10	224	64	0	yolo26m-cls.pt | ctm(d=96,s=4,drop=0.1,pow=0.5) | fusion=residual	0.9736740672217082	0.8397665483550614	0.9320587398407889	0.8821530288604961					Non-distilled development baseline: EMA-averaged (decay=0.999) CTM residual adapter trained without distillation, fixed validation prior-logit tau=0.1, no test-set evaluation; establishes the independent no-distillation track.
2026-05-27T22:42:10	track_best	yoloctm	E:\Cjn\PCB_Yolo\runs\classify\autoresearch_yoloctm_nodistill_ema_tau04_calselect_20260527_214912	10.525	10	224	64	0	yolo26m-cls.pt | ctm(d=96,s=4,drop=0.1,pow=0.5) | fusion=residual	0.9798411964230651	0.9040421671976439	0.9031664311416995	0.9028144470534541					Non-distilled track best: EMA-averaged CTM residual adapter with no distillation and fixed validation prior-logit tau=0.4 improved the independent baseline; no test-set evaluation.
2026-05-28T10:25:30	discard	yoloctm	E:\Cjn\PCB_Yolo\runs\classify\autoresearch_yoloctm_nodistill_ema_ldam_tau04_20260527_224641	10.525	10	224	64	0	yolo26m-cls.pt | ctm(d=96,s=4,drop=0.1,pow=0.5) | fusion=residual	0.9789161270428616	0.8947432189407627	0.901866717608689	0.8972669079052269					Non-distilled track screening: EMA CTM residual adapter with deferred LDAM-inspired minority target margins (max_margin=0.2 from epoch 7), fixed validation prior-logit tau=0.4, and no distillation or test-set evaluation
2026-05-28T12:26:01	diagnostic_over_budget	yoloctm	E:\Cjn\PCB_Yolo\runs\classify\autoresearch_yoloctm_nodistill_ema_tau04_e20_20260528_102736	10.525	20	224	64	0	yolo26m-cls.pt | ctm(d=96,s=4,drop=0.1,pow=0.5) | fusion=residual	0.9816913351834721	0.9206972796630767	0.9106962646765202	0.9150304631581716					Over-budget diagnostic only: extending no-distill EMA tau=0.4 from 10 to 20 epochs improved validation macro F1, but final non-distilled track scoring is constrained to <=10 epochs.
2026-05-28T15:20:54	diagnostic_over_budget	yoloctm	E:\Cjn\PCB_Yolo\runs\classify\autoresearch_yoloctm_nodistill_ema_tau04_e30_20260528_122811	10.525	30	224	64	0	yolo26m-cls.pt | ctm(d=96,s=4,drop=0.1,pow=0.5) | fusion=residual	0.9826549491211841	0.9308958695247994	0.9103041711524854	0.9195112171535741					Over-budget diagnostic only: extending no-distill EMA tau=0.4 to 30 epochs improved validation macro F1, but final non-distilled track scoring is constrained to <=10 epochs.
2026-05-28T16:37:28	discard	yoloctm	E:\Cjn\PCB_Yolo\runs\classify\autoresearch_yoloctm_nodistill_ema9995_tau04_e10_20260528_153437	10.525	10	224	64	0	yolo26m-cls.pt | ctm(d=96,s=4,drop=0.1,pow=0.5) | fusion=residual	0.9795328399629972	0.8936176070576748	0.9119051968774234	0.9020319618643104					Non-distilled <=10epoch track screening: same no-distill tau=0.4 recipe with slower EMA decay 0.9995, constrained to 10 epochs; no test-set evaluation
2026-05-28T19:22:49	discard	yoloctm	E:\Cjn\PCB_Yolo\runs\classify\autoresearch_yoloctm_nodistill_onecycle_lr002_tau04_e10_20260528_165003	10.525	10	224	64	0	yolo26m-cls.pt | ctm(d=96,s=4,drop=0.1,pow=0.5) | fusion=residual	0.9798026518655566	0.9070791715225233	0.8868217104696418	0.8960002812496941					Non-distilled <=10epoch track screening: same no-distill tau=0.4 EMA recipe with OneCycle max_lr=0.002 to compress convergence into 10 epochs; no test-set evaluation
2026-05-28T22:17:15	discard	yoloctm	E:\Cjn\PCB_Yolo\runs\classify\autoresearch_yoloctm_nodistill_onecycle_lr0015_tau04_e10_20260528_192905	10.525	10	224	64	0	yolo26m-cls.pt | ctm(d=96,s=4,drop=0.1,pow=0.5) | fusion=residual	0.9812288004933704	0.9102935388900915	0.8957314971118733	0.9024731225664318					Non-distilled <=10epoch track screening: same no-distill tau=0.4 EMA recipe with milder OneCycle max_lr=0.0015 after lr=0.002 proved unstable; no test-set evaluation
2026-05-29T00:57:24	discard	yoloctm	E:\Cjn\PCB_Yolo\runs\classify\autoresearch_yoloctm_nodistill_balancedsoftmax_tau04_e10_20260528_222410	10.525	10	224	64	0	yolo26m-cls.pt | ctm(d=96,s=4,drop=0.1,pow=0.5) | fusion=residual	0.968432007400555	0.8169872550613637	0.936521018107228	0.8693424399008012					Non-distilled <=10epoch track screening: same no-distill tau=0.4 EMA recipe with Balanced Softmax loss for long-tail class-prior correction; no test-set evaluation
2026-05-29T02:53:30	discard	yoloctm	E:\Cjn\PCB_Yolo\runs\classify\autoresearch_yoloctm_nodistill_labelsmooth005_tau04_e10_20260529_010304	10.525	10	224	64	0	yolo26m-cls.pt | ctm(d=96,s=4,drop=0.1,pow=0.5) | fusion=residual	0.977991057662658	0.8777753815052063	0.9046121548215886	0.8897976343597206					Non-distilled <=10epoch track screening: same no-distill tau=0.4 EMA weighted-CE recipe with label smoothing 0.05 for milder target regularization after Balanced Softmax over-corrected; no test-set evaluation
2026-05-29T09:06:18	keep	yoloctm	E:\Cjn\PCB_Yolo\runs\classify\autoresearch_yoloctm_nodistill_onecycle_lr00125_tau04_e10_20260529_032835	10.525	10	224	64	0	yolo26m-cls.pt | ctm(d=96,s=4,drop=0.1,pow=0.5) | fusion=residual	0.980958988590811	0.8975187374125038	0.9093255858657846	0.9031118086245977					Non-distilled <=10epoch track screening: same no-distill tau=0.4 EMA weighted-CE recipe with milder OneCycle max_lr=0.00125 after lr=0.0015 nearly matched the track best but lost recall; no test-set evaluation
2026-05-29T11:47:44	aborted_resource_infeasible	yoloctm	E:\Cjn\PCB_Yolo\runs\classify\autoresearch_yoloctm_nodistill_sam005_tau04_e10_20260529_103037		10	224	64	0	yolo26m-cls.pt | ctm(d=96,s=4,drop=0.1,pow=0.5) | fusion=residual | sam(rho=0.05,cpu-no-epoch)									Aborted resource-infeasible CPU SAM screen after >1h before epoch 1; no checkpoint or metrics. User asked why CPU rather than GPU; search is switching to lighter GPU Lion candidate under stability controls.
2026-05-29T12:49:49	early_discard	yoloctm	E:\Cjn\PCB_Yolo\runs\classify\autoresearch_yoloctm_nodistill_lion_lr0003_tau04_e10_20260529_114820	10.525	10	224	64	0	yolo26m-cls.pt | ctm(d=96,s=4,drop=0.1,pow=0.5) | fusion=residual | opt=lion(b=0.9,0.99)				0.8330					Early-discarded Lion optimizer screen at epoch 3 because validation macro F1 remained far below the incumbent-matching AdamW OneCycle trajectory (best observed 0.8330 vs incumbent epoch-3 0.8657); no test-set evaluation.
2026-05-29T13:46:10	keep	yoloctm	E:\Cjn\PCB_Yolo\runs\classify\autoresearch_yoloctm_nodistill_onecycle_lr00125_finaldiv1000_tau04_e10_20260529_125012	10.525	10	224	64	0	yolo26m-cls.pt | ctm(d=96,s=4,drop=0.1,pow=0.5) | fusion=residual	0.9817684242984891	0.9127089290246677	0.9061779623575625	0.9092079916730437					Non-distilled <=10epoch track screening: same AdamW OneCycle max_lr=0.00125 EMA tau=0.4 recipe, changing only onecycle_final_div_factor from 100 to 1000 for stronger late annealing; no test-set evaluation
2026-06-02T01:35:13	discard	yoloctm	E:\Cjn\PCB_Yolo\runs\classify\autoresearch_yoloctm_nodistill_wafer_topology_tau04_e10_20260601_205903	10.629	10	224	64	0	yolo26m-cls.pt | ctm(d=96,s=4,drop=0.1,pow=0.5) | fusion=residual | mixer=wafer_topology(scale=0.05)	0.9769503546099291	0.8733088072476067	0.9124156169436893	0.8902011359661862					Deep non-distilled candidate: wafer-topology token mixer adds learnable ring/sector/global context before CTM state updates, preserving the current AdamW OneCycle final-div=1000 EMA tau=0.4 baseline and using validation-only screening.
2026-06-02T17:53:26	discard	yoloctm	E:\Cjn\PCB_Yolo\runs\classify\autoresearch_yoloctm_nodistill_topology_ctm_tau04_e10_20260602_164014	10.637	10	224	64	0	yolo26m-cls.pt | ctm(d=96,s=4,drop=0.1,pow=0.5) | fusion=residual | mixer=topology_ctm(scale=0.02)	0.9767961763798951	0.8685263182037413	0.9037496446505197	0.8844151374079662					Deep non-distilled candidate: topology-conditioned CTM injects ring/sector/global wafer context into every CTM recurrent thought step, preserving the current AdamW OneCycle final-div=1000 EMA tau=0.4 baseline and using validation-only screening.
2026-06-04T12:08:38	discard	yoloctm	E:\Cjn\PCB_Yolo\runs\classify\autoresearch_yoloctm_nodistill_topology_adapter_gate_tau04_e10_20260604_103951	10.574	10	224	64	0	yolo26m-cls.pt | ctm(d=96,s=4,drop=0.1,pow=0.5) | fusion=topology_gate	0.979031760715387	0.8892699071018719	0.9183771758494369	0.9027825886463575					Deep non-distilled candidate: topology-gated adapter keeps vanilla CTM dynamics and uses ring/sector/global wafer context only to route the CTM residual correction into the YOLO feature map; validation-only screening.
2026-06-04T15:45:09	discard	yoloctm	E:\Cjn\PCB_Yolo\runs\classify\autoresearch_yoloctm_nodistill_topology_adapter_classwise_tau04_e10_20260604_143945	10.574	10	224	64	0	yolo26m-cls.pt | ctm(d=96,s=4,drop=0.1,pow=0.5) | fusion=topology_gate | experts=classwise_logprob(ctm_init=0.35)	0.9808433549182856	0.9191195527415241	0.8859787350464476	0.9011464114019737					Deep non-distilled candidate: topology-gated CTM adapter plus classwise log-prob expert routing so each defect class can learn how much to trust the topology-aware residual path; validation-only screening.
2026-06-04T17:43:32	discard	yoloctm	E:\Cjn\PCB_Yolo\runs\classify\autoresearch_yoloctm_nodistill_adaptive_steps6_min4_tau04_e10_20260604_164729	10.525	10	224	64	0	yolo26m-cls.pt | ctm(d=96,s=6,drop=0.1,pow=0.5) | fusion=residual	0.9811902559358618	0.9069008340673272	0.8999928968954032	0.9030342009619137					Deep non-distilled candidate: adaptive CTM thought steps train with max 6 steps, then at validation/inference run at least 4 steps and continue to 6 only for low-confidence samples; validation-only screening.
2026-06-04T19:42:16	keep	yoloctm	E:\Cjn\PCB_Yolo\runs\classify\autoresearch_yoloctm_nodistill_stepcond_adaptive_tau04_e10_20260604_175603	10.526	10	224	64	0	yolo26m-cls.pt | ctm(d=96,s=6,drop=0.1,pow=0.5) | fusion=residual	0.9816913351834721	0.9092373062200119	0.9129174563189074	0.910745916167499					Deep non-distilled candidate: step-conditioned adaptive CTM thought steps add a tiny learned per-step input embedding so later recurrent updates can specialize before confidence-based early stopping; validation-only screening.
2026-06-05T13:17:35	discard	yoloctm	E:\Cjn\PCB_Yolo\runs\classify\autoresearch_yoloctm_nodistill_stepcond_deepsup_tau04_e10_20260605_120633	10.526	10	224	64	0	yolo26m-cls.pt | ctm(d=96,s=6,drop=0.1,pow=0.5) | fusion=residual	0.9803808202281837	0.8987730880705579	0.8921772189587401	0.8942120007260811					Deep non-distilled candidate: step-conditioned adaptive CTM plus deep supervision on step-4 and step-6 logits so intermediate and final thought states are explicitly classification-aligned; validation-only screening.
2026-06-05T14:25:13	discard	yoloctm	E:\Cjn\PCB_Yolo\runs\classify\autoresearch_yoloctm_nodistill_stepcond_learnedhalt_tau04_e10_20260605_132330	10.526	10	224	64	0	yolo26m-cls.pt | ctm(d=96,s=6,drop=0.1,pow=0.5) | fusion=residual	0.9804964539007093	0.9027890411848003	0.903502353245707	0.9025252562861943					Deep non-distilled candidate: step-conditioned adaptive CTM with a learned halting head trained to stop when a thought state is already correct and confident, replacing raw softmax threshold halting; validation-only screening.
2026-06-05T15:46:01	discard	yoloctm	E:\Cjn\PCB_Yolo\runs\classify\autoresearch_yoloctm_nodistill_stepcond_topology_gate_tau04_e10_20260605_143519	10.597	10	224	64	0	yolo26m-cls.pt | ctm(d=96,s=6,drop=0.1,pow=0.5) | fusion=topology_gate	0.9798411964230651	0.9024602291183172	0.898965898304166	0.8996799914483895					Deep non-distilled candidate: keep the best step-conditioned adaptive CTM dynamics and change only feature fusion to a topology-gated YOLO residual injection so wafer ring/sector context controls where CTM corrections enter; validation-only screening.
2026-06-05T17:01:43	discard	yoloctm	E:\Cjn\PCB_Yolo\runs\classify\autoresearch_yoloctm_nodistill_stepcond_consistency_tau04_e10_20260605_160136	10.526	10	224	64	0	yolo26m-cls.pt | ctm(d=96,s=6,drop=0.1,pow=0.5) | fusion=residual	0.9811902559358618	0.8999009787802211	0.8999372967969675	0.8992468838246706					Deep non-distilled candidate: keep the best step-conditioned residual CTM and add only a soft step-consistency KL from step-4 logits to the stop-gradient final logits, encouraging a smoother thought trajectory without hard intermediate labels; validation-only screening.
2026-06-06T13:07:33	discard	yoloctm	E:\Cjn\PCB_Yolo\runs\classify\autoresearch_yoloctm_nodistill_stepcond_attention_readout_tau04_e10_20260605_220639	10.526	10	224	64	0	yolo26m-cls.pt | ctm(d=96,s=6,drop=0.1,pow=0.5) | fusion=residual	0.9793015726179464	0.8886779814788701	0.9059649876461502	0.8961988830752539					Deep non-distilled candidate: keep the best step-conditioned residual CTM dynamics and change only CTM readout from mean pooling to lightweight attention pooling, testing whether readout-side token selection improves minority wafer defects without constraining thought steps; validation-only screening.
2026-06-06T14:51:22	keep	yoloctm	E:\Cjn\PCB_Yolo\runs\classify\autoresearch_yoloctm_nodistill_stepcond_class_attention_readout_tau04_e10_20260606_135126	10.527	10	224	64	0	yolo26m-cls.pt | ctm(d=96,s=6,drop=0.1,pow=0.5) | fusion=residual	0.9823851372186247	0.9160577878061835	0.90802559584836	0.9115232889273587					Deep non-distilled candidate: keep the best step-conditioned residual CTM dynamics and replace shared CTM pooling with class-specific attention readout, so each wafer-defect class can query the recurrent token state for its own spatial evidence; validation-only screening.
2026-06-06T15:50:23	discard	yoloctm	E:\Cjn\PCB_Yolo\runs\classify\autoresearch_yoloctm_nodistill_stepcond_class_attention_polar_readout_tau04_e10_20260606_145730	10.527	10	224	64	0	yolo26m-cls.pt | ctm(d=96,s=6,drop=0.1,pow=0.5) | fusion=residual	0.9772972556275054	0.8751423247170097	0.9131363340196508	0.8919794458305161					Deep non-distilled candidate: keep the best step-conditioned residual CTM dynamics and use class-specific CTM readout with a zero-initialized polar coordinate bias, targeting Loc/Edge-Loc spatial localization without step-logit losses or test access; validation-only screening.
2026-06-06T17:00:46	discard	yoloctm	E:\Cjn\PCB_Yolo\runs\classify\autoresearch_yoloctm_nodistill_stepcond_class_attention_entropy_readout_tau04_e10_20260606_160948	10.527	10	224	64	0	yolo26m-cls.pt | ctm(d=96,s=6,drop=0.1,pow=0.5) | fusion=residual	0.9823851372186247	0.9160577878061835	0.90802559584836	0.9115232889273587					Deep non-distilled candidate: keep the best step-conditioned residual CTM with class-specific attention readout and add only a small training-time normalized entropy penalty on readout weights, encouraging sharper class token evidence without distillation, coordinate priors, step-logit losses, test access, or inference-time parameter changes; validation-only screening.
2026-06-06T19:58:10	discard	yoloctm	E:\Cjn\PCB_Yolo\runs\classify\autoresearch_yoloctm_nodistill_stepcond_class_attention_blend_readout_tau04_e10_20260606_190418	10.527	10	224	64	0	yolo26m-cls.pt | ctm(d=96,s=6,drop=0.1,pow=0.5) | fusion=residual	0.9819226025285229	0.9126424304026189	0.9016553352370784	0.90673330712469					Deep non-distilled candidate: keep the best step-conditioned residual CTM dynamics and add a per-class learnable blend between class-specific attention readout and mean CTM pooling, testing whether classes hurt by pure class attention can fall back to stable mean evidence without distillation, step-logit losses, coordinate priors, or test access; validation-only screening.
2026-06-06T23:11:03	discard	yoloctm	E:\Cjn\PCB_Yolo\runs\classify\autoresearch_yoloctm_nodistill_stepcond_class_attention_halt95_tau04_e10_20260606_220920	10.527	10	224	64	0	yolo26m-cls.pt | ctm(d=96,s=6,drop=0.1,pow=0.5) | fusion=residual	0.9823851372186247	0.9160577878061835	0.90802559584836	0.9115232889273587					Deep non-distilled candidate: keep the best step-conditioned residual CTM with class-specific attention readout and change only the adaptive inference threshold from 0.90 to 0.95, making low-confidence validation samples take more CTM thought steps without distillation, step-logit losses, coordinate priors, or test access; validation-only screening.
2026-06-07T00:00:31	discard	yoloctm	E:\Cjn\PCB_Yolo\runs\classify\autoresearch_yoloctm_nodistill_stepcond_attention_readout_tau04_e10_20260605_220639	10.526	10	224	64	0	yolo26m-cls.pt | ctm(d=96,s=6,drop=0.1,pow=0.5) | fusion=residual	0.9793015726179464	0.8886779814788701	0.9059649876461502	0.8961988830752539					Deep non-distilled candidate: keep the best step-conditioned residual CTM dynamics and change only CTM readout from mean pooling to lightweight attention pooling, testing whether readout-side token selection improves minority wafer defects without constraining thought steps; validation-only screening.
2026-06-07T01:07:34	discard	yoloctm	E:\Cjn\PCB_Yolo\runs\classify\autoresearch_yoloctm_nodistill_stepcond_class_attention_min5_tau04_e10_20260607_000637	10.527	10	224	64	0	yolo26m-cls.pt | ctm(d=96,s=6,drop=0.1,pow=0.5) | fusion=residual	0.9823851372186247	0.9160577878061835	0.90802559584836	0.9115232889273587					Deep non-distilled candidate: keep the best step-conditioned residual CTM with class-specific attention readout and change only adaptive_min_steps from 4 to 5, forcing every validation sample to take one additional thought step before confidence-based halting; validation-only screening.
2026-06-07T02:02:07	crash	yoloctm	E:\Cjn\PCB_Yolo\runs\classify\autoresearch_yoloctm_nodistill_stepcond_class_attention_ldam_tau04_e10_20260607_020207		10	224	64	0	yolo26m-cls.pt | ctm(d=96,s=6,drop=0.1,pow=0.5) | fusion=residual									Pre-epoch config failure: training script rejected loss='ldam'; valid LDAM mode is loss='ldam_drw'. No checkpoint or validation/test metrics generated; relaunching corrected same candidate.
2026-06-07T02:56:18	discard	yoloctm	E:\Cjn\PCB_Yolo\runs\classify\autoresearch_yoloctm_nodistill_stepcond_class_attention_ldam_tau04_e10_20260607_020428	10.527	10	224	64	0	yolo26m-cls.pt | ctm(d=96,s=6,drop=0.1,pow=0.5) | fusion=residual	0.9820767807585569	0.9146793594453637	0.9080296008419706	0.9108497579599639					Deep non-distilled candidate: keep the best step-conditioned residual CTM with class-specific attention readout and change only the training loss from weighted CE to deferred LDAM-DRW margins, testing whether long-tail class-boundary pressure improves validation macro F1 without distillation, extra steps, or test access.
2026-06-07T03:52:58	keep	yoloctm	E:\Cjn\PCB_Yolo\runs\classify\autoresearch_yoloctm_nodistill_stepcond_class_attention_ldam_m01_tau04_e10_20260607_030102	10.527	10	224	64	0	yolo26m-cls.pt | ctm(d=96,s=6,drop=0.1,pow=0.5) | fusion=residual	0.9823465926611162	0.9163098317737715	0.9087818770958624	0.912020609416007					Deep non-distilled candidate: keep the class-attention step-conditioned CTM and LDAM-DRW schedule, but reduce ldam_max_margin from 0.2 to 0.1 to test whether milder long-tail class-boundary pressure can improve validation macro F1 without distillation or test access.
2026-06-07T04:54:06	discard	yoloctm	E:\Cjn\PCB_Yolo\runs\classify\autoresearch_yoloctm_nodistill_stepcond_class_attention_ldam_m005_tau04_e10_20260607_040342	10.527	10	224	64	0	yolo26m-cls.pt | ctm(d=96,s=6,drop=0.1,pow=0.5) | fusion=residual	0.9822309589885908	0.9163637359889231	0.9054178200495365	0.9103854226442668					Deep non-distilled candidate: keep the class-attention step-conditioned CTM and LDAM-DRW schedule, but reduce ldam_max_margin from 0.1 to 0.05 to test whether even milder long-tail class-boundary pressure improves validation macro F1 without distillation or test access.
2026-06-07T05:56:45	keep	yoloctm	E:\Cjn\PCB_Yolo\runs\classify\autoresearch_yoloctm_nodistill_stepcond_class_attention_ldam_m01_cbr005_tau04_e10_20260607_050437	10.527	10	224	64	0	yolo26m-cls.pt | ctm(d=96,s=6,drop=0.1,pow=0.5) | fusion=residual | cbr(w=0.005,p=1.0)@e7	0.9818069688559975	0.9107676750832172	0.9163022814941078	0.9131313775284673					Deep non-distilled candidate: keep the new class-attention LDAM-DRW margin-0.1 best and add a tiny deferred classifier-boundary regularizer (CBR weight 0.005 from epoch 7), testing classifier geometry pressure without distillation, architecture changes, or test access.
2026-06-07T06:56:45	keep	yoloctm	E:\Cjn\PCB_Yolo\runs\classify\autoresearch_yoloctm_nodistill_stepcond_class_attention_ldam_m01_cbr010_tau04_e10_20260607_060435	10.527	10	224	64	0	yolo26m-cls.pt | ctm(d=96,s=6,drop=0.1,pow=0.5) | fusion=residual | cbr(w=0.01,p=1.0)@e7	0.9822309589885908	0.9162220480322119	0.9115199989728234	0.9133844769616716					Deep non-distilled candidate: keep the class-attention LDAM-DRW + CBR 0.005 best and increase the deferred classifier-boundary regularizer to CBR weight 0.01 from epoch 7, testing whether slightly stronger classifier geometry pressure helps without distillation, architecture changes, or test access.
2026-06-07T07:55:32	discard	yoloctm	E:\Cjn\PCB_Yolo\runs\classify\autoresearch_yoloctm_nodistill_stepcond_class_attention_ldam_m01_cbr020_tau04_e10_20260607_070334	10.527	10	224	64	0	yolo26m-cls.pt | ctm(d=96,s=6,drop=0.1,pow=0.5) | fusion=residual | cbr(w=0.02,p=1.0)@e7	0.9821924144310823	0.9160347670661542	0.9106652981181226	0.9128871683813008					Deep non-distilled candidate: keep the class-attention LDAM-DRW + CBR 0.01 best and increase the deferred classifier-boundary regularizer to CBR weight 0.02 from epoch 7, testing the upper side of classifier geometry pressure without distillation, architecture changes, or test access.
2026-06-07T09:00:53	discard	yoloctm	E:\Cjn\PCB_Yolo\runs\classify\autoresearch_yoloctm_nodistill_stepcond_class_attention_ldam_m01_cbr010_expert_tau04_e10_20260607_080419	10.527	10	224	64	0	yolo26m-cls.pt | ctm(d=96,s=6,drop=0.1,pow=0.5) | fusion=residual | cbr(w=0.01,p=1.0)@e7 | experts=classwise_logprob(ctm_init=0.4)	0.980958988590811	0.9226379498902912	0.9003685113611019	0.9109162034388688					Deep non-distilled candidate: keep the class-attention LDAM-DRW + CBR 0.01 best and add class-wise log-prob expert fusion between the clean YOLO branch and the CTM branch, testing learned per-class perception/thought complementarity without distillation or test access.
2026-06-07T09:58:59	discard	yoloctm	E:\Cjn\PCB_Yolo\runs\classify\autoresearch_yoloctm_nodistill_stepcond_class_attention_ldam_m01_cbr010_logfusion_tau04_e10_20260607_090408	10.527	10	224	64	0	yolo26m-cls.pt | ctm(d=96,s=6,drop=0.1,pow=0.5) | fusion=residual | cbr(w=0.01,p=1.0)@e7	0.9762950971322849	0.8809786903677701	0.900720801123382	0.8899943351556002					Deep non-distilled candidate: keep the class-attention LDAM-DRW + CBR 0.01 best and add a single global log-prob fusion weight between the clean YOLO branch and the CTM branch, testing conservative perception/thought complementarity after classwise expert fusion failed.
2026-06-07T10:55:26	discard	yoloctm	E:\Cjn\PCB_Yolo\runs\classify\autoresearch_yoloctm_nodistill_stepcond_class_attention_ldam_m01_cbr010_polarenc_tau04_e10_20260607_100351	10.527	10	224	64	0	yolo26m-cls.pt | ctm(d=96,s=6,drop=0.1,pow=0.5) | fusion=residual | cbr(w=0.01,p=1.0)@e7 | spatial=polar(scale=0.05)	0.9798026518655566	0.8949669796697326	0.9085202266722692	0.9010680369633918					Deep non-distilled candidate: keep the class-attention LDAM-DRW + CBR 0.01 best and add polar spatial encoding to CTM tokens, testing wafer radial/angular positional priors without changing readout, distillation, data split, or test access.
2026-06-07T11:55:35	discard	yoloctm	E:\Cjn\PCB_Yolo\runs\classify\autoresearch_yoloctm_nodistill_stepcond_class_attention_ldam_m01_cbr010_noneaware075_tau04_e10_20260607_110426	10.527	10	224	64	0	yolo26m-cls.pt | ctm(d=96,s=6,drop=0.1,pow=0.5) | fusion=residual | cbr(w=0.01,p=1.0)@e7 | sampling=none_aware(none=0.75)@e1	0.977104532839963	0.8573997501597872	0.9446125172682565	0.8958599987513993					Deep non-distilled candidate: keep the class-attention LDAM-DRW + CBR 0.01 best and switch training sampling from natural to none-aware with none_sampling_ratio 0.75, testing whether reducing the dominant none class exposure improves validation macro F1 without architecture changes, distillation, or test access.
2026-06-07T13:20:01	discard	yoloctm	E:\Cjn\PCB_Yolo\runs\classify\autoresearch_yoloctm_nodistill_stepcond_class_attention_ldam_m01_cbr010_cwp06_tau04_e10_20260607_121941	10.527	10	224	64	0	yolo26m-cls.pt | ctm(d=96,s=6,drop=0.1,pow=0.6) | fusion=residual | cbr(w=0.01,p=1.0)@e7	0.9807277212457601	0.8984596163304587	0.9003582114361053	0.8982021938248087					Deep non-distilled candidate: keep the class-attention LDAM-DRW + CBR 0.01 best and increase class_weight_power from 0.5 to 0.6, testing a conservative objective-side imbalance adjustment without changing architecture, sampler, distillation, or test access.
2026-06-07T14:17:02	keep	yoloctm	E:\Cjn\PCB_Yolo\runs\classify\autoresearch_yoloctm_nodistill_stepcond_class_attention_ldam_m01_cbr010_cwp04_tau04_e10_20260607_132608	10.527	10	224	64	0	yolo26m-cls.pt | ctm(d=96,s=6,drop=0.1,pow=0.4) | fusion=residual | cbr(w=0.01,p=1.0)@e7	0.9822695035460993	0.9259497454857042	0.905713869046185	0.9154644535660744					Deep non-distilled candidate: keep the class-attention LDAM-DRW + CBR 0.01 best and decrease class_weight_power from 0.5 to 0.4, testing whether the current rare-class weighting is too aggressive without changing architecture, sampler, distillation, or test access.
2026-06-07T15:11:21	discard	yoloctm	E:\Cjn\PCB_Yolo\runs\classify\autoresearch_yoloctm_nodistill_stepcond_class_attention_ldam_m01_cbr010_cwp03_tau04_e10_20260607_142019	10.527	10	224	64	0	yolo26m-cls.pt | ctm(d=96,s=6,drop=0.1,pow=0.3) | fusion=residual | cbr(w=0.01,p=1.0)@e7	0.9798026518655566	0.9077160399603795	0.8931882063905634	0.8991775561862758					Deep non-distilled candidate: keep the class-attention LDAM-DRW + CBR 0.01 + class_weight_power 0.4 best and decrease class_weight_power further to 0.3, testing whether weaker inverse-frequency weighting continues to improve validation macro F1 without changing architecture, sampler, distillation, or test access.
